currency,alpha,theta,sigma
USD,0.14625370860471298,0.051296965380652274,0.017255583856372533
EUR,0.415938730884652,0.024084485580589943,0.0018165447825226235
HKD,0.3886504422704721,0.0918841739097313,0.019539690784392938
JPY,0.37295846599560906,0.0037369652186824355,0.006986441256212883
