currency,alpha,theta,sigma
USD,0.3205099755009857,0.0318895103634793,0.017151141683712342
EUR,0.40727711701669866,0.024218740010729257,0.0017716781463489538
HKD,2.1792311221766787,0.04091931767821771,0.019551563738642343
JPY,0.7121863302948851,0.010518720159803433,0.006930593790945451
